customer_id,name,province,city,region,registration_date,age_group,gender,segment
1,胡涛,湖北,宜昌市,华中,2022-03-13,36-45,男,普通会员
2,徐敏,湖北,武汉市,华中,2022-12-26,36-45,女,普通会员
3,杨芳,山东,青岛市,华东,2022-07-11,55+,男,普通会员
4,孙杰,四川,成都市,西南,2022-02-28,26-35,女,普通会员
5,胡文,安徽,芜湖市,华东,2022-12-30,36-45,女,银卡会员
6,赵勇,江苏,无锡市,华东,2022-06-16,18-25,男,钻石会员
7,周芳,上海,上海市,华东,2022-12-06,26-35,女,普通会员
8,胡娜,陕西,咸阳市,西北,2022-07-25,26-35,女,银卡会员
9,杨艳,上海,上海市,华东,2022-09-17,26-35,男,金卡会员
10,李艳,重庆,重庆市,西南,2022-09-27,36-45,男,普通会员
11,黄军,湖北,宜昌市,华中,2022-08-25,26-35,男,银卡会员
12,马勇,福建,厦门市,华南,2022-06-06,46-55,男,普通会员
13,王超,福建,厦门市,华南,2022-05-16,18-25,男,普通会员
14,张伟,山东,烟台市,华东,2022-09-18,55+,女,普通会员
15,黄超,湖北,武汉市,华中,2022-02-02,18-25,男,银卡会员
16,孙洋,江苏,无锡市,华东,2022-08-02,46-55,男,普通会员
17,张伟,安徽,芜湖市,华东,2022-01-05,36-45,男,普通会员
18,胡丽,湖南,长沙市,华中,2022-12-12,18-25,男,普通会员
19,罗敏,湖北,武汉市,华中,2022-08-10,18-25,男,普通会员
20,刘明,湖南,长沙市,华中,2022-06-09,36-45,男,普通会员
21,吴明,上海,上海市,华东,2022-03-03,36-45,女,银卡会员
22,孙华,重庆,重庆市,西南,2022-10-13,46-55,女,金卡会员
23,赵伟,重庆,重庆市,西南,2022-10-10,26-35,女,普通会员
24,杨洋,广东,东莞市,华南,2022-05-17,26-35,男,普通会员
25,胡勇,重庆,重庆市,西南,2022-06-29,26-35,男,普通会员
26,赵芳,重庆,重庆市,西南,2022-04-23,18-25,女,普通会员
27,李芳,北京,北京市,华北,2022-08-08,18-25,男,普通会员
28,高芳,北京,北京市,华北,2022-02-22,26-35,女,银卡会员
29,徐杰,湖北,宜昌市,华中,2022-09-12,46-55,男,银卡会员
30,徐军,四川,绵阳市,西南,2022-05-24,46-55,女,银卡会员
31,罗敏,陕西,西安市,西北,2022-12-12,36-45,男,普通会员
32,周伟,湖北,宜昌市,华中,2022-05-08,36-45,女,普通会员
33,何艳,重庆,重庆市,西南,2022-04-09,26-35,女,金卡会员
34,林芳,福建,厦门市,华南,2022-10-31,55+,男,金卡会员
35,周勇,湖南,长沙市,华中,2022-04-09,36-45,女,金卡会员
36,王华,山东,青岛市,华东,2022-03-16,55+,女,金卡会员
37,张军,浙江,宁波市,华东,2022-04-09,55+,女,普通会员
38,李娜,上海,上海市,华东,2022-07-27,55+,女,银卡会员
39,朱军,北京,北京市,华北,2022-05-15,36-45,女,银卡会员
40,高秀英,重庆,重庆市,西南,2022-06-07,55+,男,银卡会员
41,李伟,山东,烟台市,华东,2022-10-11,36-45,男,普通会员
42,高敏,陕西,咸阳市,西北,2022-02-04,46-55,女,普通会员
43,朱强,重庆,重庆市,西南,2022-04-09,36-45,男,金卡会员
44,朱娜,北京,北京市,华北,2022-07-07,46-55,男,普通会员
45,张鑫,湖北,武汉市,华中,2022-10-08,26-35,女,银卡会员
46,何丽,山东,青岛市,华东,2022-12-08,26-35,男,银卡会员
47,林洋,上海,上海市,华东,2022-10-26,36-45,男,普通会员
48,张鑫,湖北,宜昌市,华中,2022-01-13,18-25,男,银卡会员
49,王洋,陕西,咸阳市,西北,2022-05-22,46-55,男,普通会员
50,李文,上海,上海市,华东,2022-06-02,26-35,女,普通会员
51,林华,河南,洛阳市,华中,2022-06-19,46-55,女,银卡会员
52,黄超,江苏,南京市,华东,2022-04-18,36-45,女,金卡会员
53,胡娜,浙江,宁波市,华东,2022-11-07,18-25,女,钻石会员
54,吴文,重庆,重庆市,西南,2022-05-25,26-35,男,普通会员
55,陈勇,湖北,宜昌市,华中,2022-05-09,26-35,男,普通会员
56,郭洋,辽宁,大连市,东北,2022-08-25,26-35,女,银卡会员
57,张超,安徽,合肥市,华东,2022-06-03,26-35,男,普通会员
58,陈丽,陕西,咸阳市,西北,2022-04-04,46-55,女,普通会员
59,郭磊,河南,洛阳市,华中,2022-04-10,26-35,女,银卡会员
60,陈敏,河南,洛阳市,华中,2022-10-17,26-35,女,银卡会员
61,王静,河南,洛阳市,华中,2022-01-04,36-45,女,银卡会员
62,罗超,北京,北京市,华北,2022-06-27,36-45,男,银卡会员
63,陈超,广东,东莞市,华南,2022-11-19,46-55,女,金卡会员
64,马超,重庆,重庆市,西南,2022-04-05,26-35,男,普通会员
65,林洋,广东,东莞市,华南,2022-04-03,46-55,女,普通会员
66,赵敏,广东,广州市,华南,2022-11-10,36-45,男,钻石会员
67,刘艳,山东,济南市,华东,2022-12-23,46-55,女,银卡会员
68,刘鑫,广东,佛山市,华南,2022-04-06,26-35,女,银卡会员
69,林明,重庆,重庆市,西南,2022-10-06,46-55,男,普通会员
70,罗军,北京,北京市,华北,2022-08-05,26-35,男,普通会员
71,周文,浙江,杭州市,华东,2022-03-17,26-35,女,钻石会员
72,胡军,浙江,温州市,华东,2022-03-10,26-35,男,银卡会员
73,郭磊,江苏,南京市,华东,2022-04-19,55+,女,普通会员
74,陈娜,安徽,芜湖市,华东,2022-08-03,36-45,男,普通会员
75,周艳,重庆,重庆市,西南,2022-09-10,46-55,女,银卡会员
76,何芳,河南,郑州市,华中,2022-01-05,36-45,女,钻石会员
77,罗杰,陕西,西安市,西北,2022-11-23,55+,女,普通会员
78,高超,重庆,重庆市,西南,2022-07-01,36-45,女,金卡会员
79,张明,湖北,宜昌市,华中,2022-05-21,26-35,女,普通会员
80,黄勇,重庆,重庆市,西南,2022-01-01,36-45,女,钻石会员
81,林伟,安徽,芜湖市,华东,2022-04-27,55+,女,钻石会员
82,胡军,陕西,西安市,西北,2022-08-01,55+,男,普通会员
83,何丽,广东,佛山市,华南,2022-08-21,26-35,男,银卡会员
84,张军,江苏,苏州市,华东,2022-01-12,55+,女,金卡会员
85,黄敏,重庆,重庆市,西南,2022-03-31,26-35,女,银卡会员
86,陈勇,重庆,重庆市,西南,2022-08-16,55+,女,普通会员
87,罗明,福建,福州市,华南,2022-08-08,26-35,男,金卡会员
88,何文,陕西,咸阳市,西北,2022-09-13,36-45,男,普通会员
89,何明,山东,青岛市,华东,2022-01-05,18-25,男,金卡会员
90,胡杰,上海,上海市,华东,2022-09-24,36-45,男,普通会员
91,林明,湖南,长沙市,华中,2022-04-08,18-25,男,普通会员
92,林静,湖北,宜昌市,华中,2022-12-17,36-45,男,银卡会员
93,陈艳,江苏,南京市,华东,2022-03-24,26-35,女,普通会员
94,高明,北京,北京市,华北,2022-07-24,26-35,男,银卡会员
95,黄磊,上海,上海市,华东,2022-06-03,26-35,女,金卡会员
96,孙伟,湖南,株洲市,华中,2022-02-23,55+,女,金卡会员
97,郭丽,福建,福州市,华南,2022-07-26,46-55,女,银卡会员
98,杨芳,广东,东莞市,华南,2022-10-21,36-45,女,普通会员
99,李华,湖南,长沙市,华中,2022-09-06,36-45,女,金卡会员
100,吴文,辽宁,沈阳市,东北,2022-03-22,55+,女,银卡会员
101,吴杰,北京,北京市,华北,2022-12-06,26-35,女,银卡会员
102,马涛,上海,上海市,华东,2022-02-12,26-35,男,银卡会员
103,郭涛,湖北,武汉市,华中,2022-01-08,26-35,女,普通会员
104,张鑫,广东,佛山市,华南,2022-03-02,26-35,男,金卡会员
105,吴强,上海,上海市,华东,2022-01-01,36-45,女,普通会员
106,林秀英,上海,上海市,华东,2022-08-06,36-45,男,普通会员
107,胡涛,安徽,合肥市,华东,2022-11-15,26-35,男,普通会员
108,黄杰,北京,北京市,华北,2022-12-21,26-35,男,银卡会员
109,朱秀英,山东,青岛市,华东,2022-08-04,36-45,女,普通会员
110,赵娜,山东,烟台市,华东,2022-04-21,46-55,男,银卡会员
111,杨娜,陕西,咸阳市,西北,2022-01-15,18-25,男,普通会员
112,林磊,河南,郑州市,华中,2022-03-27,26-35,女,普通会员
113,刘艳,陕西,咸阳市,西北,2022-03-08,36-45,女,普通会员
114,李丽,安徽,芜湖市,华东,2022-09-21,36-45,女,普通会员
115,杨华,福建,福州市,华南,2022-10-09,36-45,男,普通会员
116,陈伟,陕西,咸阳市,西北,2022-05-30,26-35,女,普通会员
117,徐勇,浙江,宁波市,华东,2022-09-04,18-25,男,普通会员
118,杨芳,浙江,温州市,华东,2022-08-08,55+,男,金卡会员
119,杨文,北京,北京市,华北,2022-03-03,55+,男,银卡会员
120,马超,河南,郑州市,华中,2022-05-13,26-35,女,银卡会员
121,罗杰,浙江,杭州市,华东,2022-05-20,18-25,女,金卡会员
122,徐敏,四川,成都市,西南,2022-11-29,36-45,男,普通会员
123,陈艳,山东,青岛市,华东,2022-06-21,26-35,女,金卡会员
124,陈勇,北京,北京市,华北,2022-09-30,18-25,男,银卡会员
125,林静,湖北,武汉市,华中,2022-11-14,36-45,女,普通会员
126,周芳,山东,烟台市,华东,2022-03-17,26-35,男,银卡会员
127,黄涛,四川,绵阳市,西南,2022-12-27,46-55,女,普通会员
128,陈文,江苏,南京市,华东,2022-03-19,36-45,女,普通会员
129,何洋,河南,郑州市,华中,2022-11-24,26-35,女,金卡会员
130,王丽,陕西,咸阳市,西北,2022-06-02,26-35,男,普通会员
131,黄洋,辽宁,沈阳市,东北,2022-02-08,18-25,女,普通会员
132,吴华,广东,佛山市,华南,2022-01-15,46-55,男,银卡会员
133,刘强,湖北,武汉市,华中,2022-04-07,36-45,男,银卡会员
134,李艳,辽宁,大连市,东北,2022-01-05,46-55,男,普通会员
135,胡敏,陕西,西安市,西北,2022-12-31,18-25,女,银卡会员
136,胡敏,山东,济南市,华东,2022-11-28,46-55,男,银卡会员
137,刘涛,广东,佛山市,华南,2022-10-10,26-35,男,钻石会员
138,杨洋,山东,青岛市,华东,2022-01-23,26-35,女,银卡会员
139,黄鑫,河南,郑州市,华中,2022-04-21,36-45,男,钻石会员
140,陈洋,浙江,杭州市,华东,2022-05-07,26-35,女,普通会员
141,高秀英,福建,厦门市,华南,2022-10-23,46-55,男,银卡会员
142,朱敏,辽宁,沈阳市,东北,2022-07-01,46-55,男,金卡会员
143,黄丽,湖北,武汉市,华中,2022-05-29,26-35,男,普通会员
144,周娜,浙江,杭州市,华东,2022-03-04,26-35,女,金卡会员
145,赵鑫,上海,上海市,华东,2022-12-13,26-35,男,普通会员
146,赵华,湖南,长沙市,华中,2022-07-17,18-25,男,普通会员
147,何杰,安徽,合肥市,华东,2022-12-03,55+,男,银卡会员
148,黄杰,四川,绵阳市,西南,2022-11-23,36-45,男,普通会员
149,高杰,广东,东莞市,华南,2022-10-13,46-55,男,普通会员
150,胡鑫,辽宁,沈阳市,东北,2022-07-13,36-45,男,普通会员
151,刘伟,四川,成都市,西南,2022-09-21,46-55,男,金卡会员
152,高秀英,河南,洛阳市,华中,2022-06-11,26-35,男,钻石会员
153,赵洋,上海,上海市,华东,2022-11-17,36-45,男,普通会员
154,黄丽,湖南,长沙市,华中,2022-08-17,26-35,男,银卡会员
155,张秀英,山东,青岛市,华东,2022-10-15,46-55,男,钻石会员
156,朱军,浙江,杭州市,华东,2022-01-07,36-45,男,普通会员
157,高敏,广东,佛山市,华南,2022-10-12,26-35,女,金卡会员
158,吴芳,江苏,无锡市,华东,2022-07-14,36-45,女,金卡会员
159,周芳,江苏,苏州市,华东,2022-02-22,26-35,女,钻石会员
160,林艳,重庆,重庆市,西南,2022-06-07,26-35,女,银卡会员
161,何文,北京,北京市,华北,2022-07-28,26-35,女,银卡会员
162,周涛,福建,福州市,华南,2022-01-04,18-25,男,普通会员
163,徐强,湖北,武汉市,华中,2022-05-26,36-45,女,银卡会员
164,林静,四川,绵阳市,西南,2022-06-02,26-35,女,普通会员
165,杨洋,河南,洛阳市,华中,2022-04-08,36-45,男,银卡会员
166,林秀英,河南,郑州市,华中,2022-03-05,26-35,女,银卡会员
167,刘文,广东,广州市,华南,2022-10-09,18-25,男,普通会员
168,赵洋,浙江,杭州市,华东,2022-08-15,55+,男,银卡会员
169,陈伟,四川,绵阳市,西南,2022-09-07,18-25,女,普通会员
170,林明,浙江,温州市,华东,2022-07-20,46-55,男,普通会员
171,王涛,山东,济南市,华东,2022-04-14,26-35,男,普通会员
172,陈超,上海,上海市,华东,2022-06-21,55+,女,银卡会员
173,孙杰,广东,广州市,华南,2022-01-17,55+,男,银卡会员
174,郭文,重庆,重庆市,西南,2022-09-21,36-45,男,银卡会员
175,杨洋,四川,绵阳市,西南,2022-01-25,55+,女,普通会员
176,马丽,河南,郑州市,华中,2022-10-15,36-45,男,钻石会员
177,赵秀英,河南,郑州市,华中,2022-12-01,36-45,男,普通会员
178,何华,山东,青岛市,华东,2022-04-13,18-25,男,普通会员
179,马芳,重庆,重庆市,西南,2022-05-11,36-45,女,普通会员
180,赵丽,湖北,宜昌市,华中,2022-01-04,46-55,男,银卡会员
181,郭明,北京,北京市,华北,2022-04-18,26-35,男,银卡会员
182,马明,上海,上海市,华东,2022-10-01,55+,男,普通会员
183,林超,辽宁,大连市,东北,2022-07-04,36-45,女,钻石会员
184,赵华,河南,洛阳市,华中,2022-03-06,26-35,男,银卡会员
185,何敏,山东,青岛市,华东,2022-05-26,26-35,男,普通会员
186,胡勇,江苏,苏州市,华东,2022-11-01,26-35,女,普通会员
187,陈涛,河南,郑州市,华中,2022-07-17,55+,男,钻石会员
188,马芳,湖南,株洲市,华中,2022-06-02,36-45,女,普通会员
189,高明,浙江,杭州市,华东,2022-11-26,18-25,男,普通会员
190,张强,北京,北京市,华北,2022-01-05,18-25,男,普通会员
191,罗杰,福建,福州市,华南,2022-03-02,26-35,男,金卡会员
192,张娜,辽宁,沈阳市,东北,2022-09-26,26-35,男,普通会员
193,陈芳,浙江,宁波市,华东,2022-09-24,46-55,男,普通会员
194,张芳,陕西,西安市,西北,2022-11-28,18-25,男,银卡会员
195,李丽,江苏,无锡市,华东,2022-02-07,26-35,男,普通会员
196,杨静,上海,上海市,华东,2022-11-12,18-25,女,普通会员
197,何洋,北京,北京市,华北,2022-10-28,26-35,男,金卡会员
198,黄芳,广东,佛山市,华南,2022-02-09,36-45,男,银卡会员
199,郭洋,山东,烟台市,华东,2022-04-02,46-55,男,普通会员
200,马艳,陕西,西安市,西北,2022-12-22,36-45,女,普通会员
201,马文,江苏,无锡市,华东,2022-01-31,46-55,女,金卡会员
202,赵鑫,江苏,苏州市,华东,2022-12-22,36-45,男,银卡会员
203,马秀英,湖北,宜昌市,华中,2022-06-04,55+,男,普通会员
204,马娜,上海,上海市,华东,2022-11-22,26-35,男,银卡会员
205,胡静,上海,上海市,华东,2022-10-05,55+,女,金卡会员
206,林超,浙江,温州市,华东,2022-07-12,18-25,女,普通会员
207,朱丽,上海,上海市,华东,2022-10-12,26-35,男,普通会员
208,赵涛,陕西,咸阳市,西北,2022-02-02,26-35,男,金卡会员
209,李秀英,湖南,株洲市,华中,2022-08-14,55+,男,普通会员
210,胡涛,福建,福州市,华南,2022-10-15,18-25,女,普通会员
211,张杰,湖南,长沙市,华中,2022-08-24,18-25,男,钻石会员
212,罗强,江苏,无锡市,华东,2022-05-27,26-35,男,普通会员
213,杨丽,河南,洛阳市,华中,2022-06-11,26-35,女,金卡会员
214,胡超,山东,青岛市,华东,2022-07-27,36-45,女,普通会员
215,黄丽,北京,北京市,华北,2022-01-27,46-55,女,普通会员
216,孙娜,陕西,咸阳市,西北,2022-02-15,26-35,女,普通会员
217,孙华,北京,北京市,华北,2022-08-16,36-45,女,银卡会员
218,李洋,安徽,芜湖市,华东,2022-03-05,26-35,女,银卡会员
219,何秀英,辽宁,大连市,东北,2022-04-05,36-45,男,银卡会员
220,杨勇,北京,北京市,华北,2022-09-24,26-35,女,普通会员
221,朱丽,重庆,重庆市,西南,2022-03-21,26-35,女,银卡会员
222,何伟,河南,洛阳市,华中,2022-01-02,36-45,男,普通会员
223,马华,北京,北京市,华北,2022-06-03,26-35,女,钻石会员
224,何丽,河南,洛阳市,华中,2022-04-16,26-35,男,钻石会员
225,杨勇,陕西,西安市,西北,2022-09-19,36-45,男,银卡会员
226,孙洋,上海,上海市,华东,2022-11-24,36-45,女,金卡会员
227,赵涛,安徽,合肥市,华东,2022-03-25,36-45,女,金卡会员
228,张勇,河南,郑州市,华中,2022-07-07,36-45,男,银卡会员
229,孙明,重庆,重庆市,西南,2022-01-25,46-55,女,普通会员
230,马洋,辽宁,大连市,东北,2022-08-09,46-55,男,普通会员
231,何强,重庆,重庆市,西南,2022-07-30,26-35,女,银卡会员
232,吴文,湖南,长沙市,华中,2022-02-04,26-35,女,普通会员
233,赵超,北京,北京市,华北,2022-11-01,46-55,男,普通会员
234,刘超,山东,济南市,华东,2022-01-20,36-45,女,金卡会员
235,李敏,福建,厦门市,华南,2022-03-07,36-45,女,普通会员
236,高超,河南,郑州市,华中,2022-05-11,36-45,女,金卡会员
237,张洋,北京,北京市,华北,2022-04-10,55+,男,银卡会员
238,李静,辽宁,大连市,东北,2022-11-21,18-25,男,普通会员
239,胡秀英,重庆,重庆市,西南,2022-08-19,26-35,女,普通会员
240,李娜,北京,北京市,华北,2022-08-17,18-25,男,金卡会员
241,胡涛,山东,济南市,华东,2022-01-10,18-25,女,普通会员
242,孙勇,陕西,咸阳市,西北,2022-09-14,26-35,女,银卡会员
243,罗涛,北京,北京市,华北,2022-06-24,36-45,男,金卡会员
244,胡强,山东,烟台市,华东,2022-04-18,36-45,女,普通会员
245,周静,上海,上海市,华东,2022-01-20,18-25,男,普通会员
246,陈伟,四川,成都市,西南,2022-06-28,18-25,女,普通会员
247,徐芳,上海,上海市,华东,2022-08-05,36-45,男,银卡会员
248,徐鑫,山东,烟台市,华东,2022-10-21,18-25,女,普通会员
249,吴洋,浙江,宁波市,华东,2022-12-07,18-25,女,普通会员
250,胡丽,四川,成都市,西南,2022-10-17,36-45,男,钻石会员
251,何鑫,河南,洛阳市,华中,2022-05-25,46-55,男,银卡会员
252,黄秀英,重庆,重庆市,西南,2022-10-16,36-45,男,银卡会员
253,周芳,江苏,南京市,华东,2022-07-11,18-25,男,金卡会员
254,马勇,福建,厦门市,华南,2022-09-02,36-45,男,普通会员
255,杨秀英,上海,上海市,华东,2022-05-12,36-45,女,金卡会员
256,高明,陕西,西安市,西北,2022-11-27,26-35,女,银卡会员
257,胡伟,福建,福州市,华南,2022-03-17,36-45,男,银卡会员
258,王杰,重庆,重庆市,西南,2022-08-12,26-35,女,普通会员
259,黄秀英,湖南,长沙市,华中,2022-11-26,46-55,男,普通会员
260,郭芳,河南,洛阳市,华中,2022-04-27,46-55,男,普通会员
261,郭静,上海,上海市,华东,2022-10-27,26-35,男,金卡会员
262,何超,四川,绵阳市,西南,2022-01-21,26-35,男,金卡会员
263,刘涛,江苏,无锡市,华东,2022-02-20,18-25,男,银卡会员
264,朱敏,广东,深圳市,华南,2022-02-21,36-45,男,金卡会员
265,郭艳,广东,佛山市,华南,2022-06-07,36-45,男,钻石会员
266,徐磊,河南,郑州市,华中,2022-12-17,46-55,男,银卡会员
267,林艳,湖北,武汉市,华中,2022-10-25,55+,女,银卡会员
268,王超,湖北,宜昌市,华中,2022-06-22,36-45,男,普通会员
269,周勇,四川,绵阳市,西南,2022-09-28,36-45,女,普通会员
270,郭杰,河南,洛阳市,华中,2022-06-03,26-35,女,普通会员
271,赵艳,广东,佛山市,华南,2022-12-11,18-25,女,普通会员
272,陈丽,湖北,宜昌市,华中,2022-02-18,36-45,女,银卡会员
273,郭静,江苏,南京市,华东,2022-05-23,26-35,男,银卡会员
274,朱明,河南,郑州市,华中,2022-09-11,18-25,女,普通会员
275,张艳,江苏,苏州市,华东,2022-05-05,36-45,男,普通会员
276,高敏,山东,青岛市,华东,2022-08-06,26-35,女,普通会员
277,黄静,辽宁,大连市,东北,2022-12-19,36-45,男,普通会员
278,周磊,湖南,株洲市,华中,2022-07-15,26-35,女,普通会员
279,黄强,江苏,无锡市,华东,2022-07-19,36-45,女,普通会员
280,杨芳,河南,郑州市,华中,2022-08-03,26-35,女,银卡会员
281,罗洋,上海,上海市,华东,2022-05-30,36-45,女,钻石会员
282,胡军,陕西,西安市,西北,2022-04-16,18-25,男,金卡会员
283,林军,重庆,重庆市,西南,2022-05-16,46-55,女,普通会员
284,高洋,湖北,宜昌市,华中,2022-04-28,55+,女,金卡会员
285,罗强,北京,北京市,华北,2022-08-19,46-55,男,金卡会员
286,李秀英,四川,绵阳市,西南,2022-10-19,26-35,女,普通会员
287,李勇,福建,福州市,华南,2022-11-27,46-55,女,普通会员
288,杨娜,浙江,宁波市,华东,2022-05-23,55+,男,普通会员
289,胡杰,重庆,重庆市,西南,2022-02-11,36-45,男,普通会员
290,朱强,山东,青岛市,华东,2022-03-08,46-55,女,金卡会员
291,张芳,安徽,合肥市,华东,2022-12-13,36-45,女,钻石会员
292,吴芳,上海,上海市,华东,2022-10-08,26-35,男,金卡会员
293,朱军,辽宁,沈阳市,东北,2022-11-06,46-55,女,银卡会员
294,马芳,福建,厦门市,华南,2022-01-25,26-35,男,银卡会员
295,马秀英,重庆,重庆市,西南,2022-01-20,26-35,女,金卡会员
296,李文,陕西,西安市,西北,2022-10-14,18-25,男,普通会员
297,徐鑫,福建,厦门市,华南,2022-09-10,36-45,男,钻石会员
298,张勇,广东,广州市,华南,2022-06-05,26-35,男,普通会员
299,王敏,重庆,重庆市,西南,2022-09-17,55+,男,普通会员
300,罗华,重庆,重庆市,西南,2022-05-04,46-55,女,普通会员
301,张磊,浙江,温州市,华东,2022-06-04,26-35,女,普通会员
302,陈芳,陕西,咸阳市,西北,2022-03-03,26-35,女,金卡会员
303,赵静,江苏,苏州市,华东,2022-03-06,26-35,女,普通会员
304,何静,江苏,南京市,华东,2022-06-22,18-25,男,普通会员
305,徐华,重庆,重庆市,西南,2022-09-13,18-25,女,普通会员
306,罗军,上海,上海市,华东,2022-09-09,36-45,男,普通会员
307,杨艳,浙江,杭州市,华东,2022-01-21,55+,男,钻石会员
308,周勇,北京,北京市,华北,2022-05-09,46-55,女,普通会员
309,黄涛,河南,洛阳市,华中,2022-09-04,36-45,男,银卡会员
310,胡杰,北京,北京市,华北,2022-12-09,36-45,男,普通会员
311,王静,重庆,重庆市,西南,2022-01-08,18-25,男,银卡会员
312,马文,北京,北京市,华北,2022-06-01,18-25,女,银卡会员
313,朱敏,河南,郑州市,华中,2022-05-19,55+,男,银卡会员
314,高涛,重庆,重庆市,西南,2022-09-18,36-45,女,金卡会员
315,胡军,河南,洛阳市,华中,2022-08-08,46-55,女,金卡会员
316,李丽,福建,福州市,华南,2022-02-18,26-35,女,金卡会员
317,何艳,福建,福州市,华南,2022-05-29,18-25,男,钻石会员
318,郭芳,四川,成都市,西南,2022-01-11,18-25,男,金卡会员
319,黄秀英,湖北,武汉市,华中,2022-05-04,26-35,女,钻石会员
320,孙文,辽宁,大连市,东北,2022-06-23,18-25,男,普通会员
321,赵杰,辽宁,沈阳市,东北,2022-09-25,55+,女,银卡会员
322,黄秀英,辽宁,沈阳市,东北,2022-12-26,36-45,男,银卡会员
323,徐明,湖南,株洲市,华中,2022-09-15,18-25,男,普通会员
324,胡文,上海,上海市,华东,2022-03-29,26-35,女,银卡会员
325,张文,陕西,西安市,西北,2022-01-23,36-45,男,银卡会员
326,陈丽,福建,厦门市,华南,2022-05-16,26-35,女,金卡会员
327,陈娜,重庆,重庆市,西南,2022-04-14,26-35,女,金卡会员
328,吴秀英,湖南,长沙市,华中,2022-08-19,36-45,女,普通会员
329,罗敏,陕西,西安市,西北,2022-03-27,46-55,女,普通会员
330,朱秀英,北京,北京市,华北,2022-05-01,55+,男,银卡会员
331,杨文,广东,东莞市,华南,2022-04-11,18-25,男,普通会员
332,张静,浙江,宁波市,华东,2022-08-18,26-35,女,普通会员
333,朱敏,河南,洛阳市,华中,2022-07-07,46-55,女,普通会员
334,朱娜,湖北,宜昌市,华中,2022-08-04,18-25,女,银卡会员
335,李鑫,浙江,宁波市,华东,2022-06-08,18-25,男,银卡会员
336,马超,辽宁,沈阳市,东北,2022-01-30,55+,男,金卡会员
337,马敏,广东,佛山市,华南,2022-12-16,26-35,男,普通会员
338,林丽,安徽,芜湖市,华东,2022-11-09,55+,男,普通会员
339,罗军,四川,绵阳市,西南,2022-02-16,18-25,女,钻石会员
340,徐磊,重庆,重庆市,西南,2022-05-17,55+,男,普通会员
341,何娜,陕西,咸阳市,西北,2022-04-17,18-25,女,银卡会员
342,马文,四川,成都市,西南,2022-09-02,18-25,男,普通会员
343,陈华,广东,广州市,华南,2022-02-18,26-35,女,银卡会员
344,刘磊,四川,绵阳市,西南,2022-10-22,26-35,男,金卡会员
345,周秀英,浙江,宁波市,华东,2022-11-12,18-25,男,金卡会员
346,刘超,山东,济南市,华东,2022-04-16,26-35,女,普通会员
347,朱艳,湖北,宜昌市,华中,2022-12-02,26-35,男,普通会员
348,孙勇,陕西,咸阳市,西北,2022-10-28,46-55,男,普通会员
349,刘鑫,河南,郑州市,华中,2022-01-07,18-25,男,普通会员
350,罗丽,山东,烟台市,华东,2022-07-18,26-35,女,普通会员
351,陈鑫,辽宁,沈阳市,东北,2022-03-10,36-45,女,普通会员
352,高文,北京,北京市,华北,2022-12-11,55+,女,普通会员
353,何敏,福建,福州市,华南,2022-11-23,36-45,男,银卡会员
354,李涛,陕西,西安市,西北,2022-06-18,46-55,男,银卡会员
355,杨芳,四川,绵阳市,西南,2022-03-06,26-35,男,钻石会员
356,吴芳,福建,厦门市,华南,2022-05-24,26-35,男,银卡会员
357,胡洋,重庆,重庆市,西南,2022-10-21,46-55,女,钻石会员
358,林磊,广东,东莞市,华南,2022-10-04,26-35,男,金卡会员
359,胡洋,浙江,宁波市,华东,2022-08-01,36-45,女,金卡会员
360,周洋,湖南,长沙市,华中,2022-02-27,46-55,男,普通会员
361,张洋,福建,厦门市,华南,2022-02-13,36-45,女,金卡会员
362,何涛,湖北,宜昌市,华中,2022-07-16,55+,女,普通会员
363,刘静,山东,济南市,华东,2022-03-26,26-35,男,普通会员
364,何艳,辽宁,大连市,东北,2022-11-12,36-45,女,普通会员
365,张鑫,广东,广州市,华南,2022-12-29,55+,男,银卡会员
366,黄静,湖北,宜昌市,华中,2022-06-25,26-35,女,金卡会员
367,高勇,辽宁,大连市,东北,2022-01-12,36-45,男,钻石会员
368,马芳,安徽,合肥市,华东,2022-09-17,55+,女,普通会员
369,陈娜,湖北,宜昌市,华中,2022-12-19,18-25,女,金卡会员
370,陈娜,辽宁,大连市,东北,2022-07-08,26-35,男,金卡会员
371,杨文,上海,上海市,华东,2022-03-01,26-35,男,金卡会员
372,孙勇,重庆,重庆市,西南,2022-08-01,26-35,女,金卡会员
373,郭伟,重庆,重庆市,西南,2022-06-12,18-25,男,银卡会员
374,徐军,上海,上海市,华东,2022-05-30,36-45,女,银卡会员
375,张伟,安徽,合肥市,华东,2022-07-31,36-45,女,普通会员
376,赵强,山东,烟台市,华东,2022-07-20,36-45,男,金卡会员
377,张敏,湖北,宜昌市,华中,2022-10-30,26-35,男,普通会员
378,朱华,福建,福州市,华南,2022-05-22,55+,男,金卡会员
379,马丽,广东,佛山市,华南,2022-07-29,36-45,女,银卡会员
380,李秀英,湖北,武汉市,华中,2022-02-07,26-35,男,银卡会员
381,朱华,广东,东莞市,华南,2022-10-08,26-35,女,金卡会员
382,郭文,湖北,宜昌市,华中,2022-04-20,55+,女,银卡会员
383,罗明,重庆,重庆市,西南,2022-11-23,36-45,男,普通会员
384,高丽,湖北,武汉市,华中,2022-04-30,36-45,男,普通会员
385,周伟,北京,北京市,华北,2022-11-04,26-35,男,普通会员
386,朱勇,福建,福州市,华南,2022-07-15,18-25,女,金卡会员
387,朱勇,福建,福州市,华南,2022-04-30,26-35,男,银卡会员
388,郭超,辽宁,沈阳市,东北,2022-02-04,26-35,女,金卡会员
389,陈军,安徽,合肥市,华东,2022-10-03,26-35,女,普通会员
390,周敏,陕西,西安市,西北,2022-02-04,46-55,女,钻石会员
391,胡洋,山东,济南市,华东,2022-11-28,55+,女,金卡会员
392,罗洋,福建,福州市,华南,2022-01-21,36-45,女,金卡会员
393,赵敏,广东,佛山市,华南,2022-03-17,26-35,女,普通会员
394,周伟,山东,青岛市,华东,2022-03-13,36-45,女,金卡会员
395,林超,上海,上海市,华东,2022-09-19,18-25,女,普通会员
396,马杰,河南,郑州市,华中,2022-12-21,26-35,男,普通会员
397,马强,浙江,杭州市,华东,2022-02-18,18-25,女,金卡会员
398,赵杰,浙江,杭州市,华东,2022-07-11,36-45,男,普通会员
399,陈杰,福建,福州市,华南,2022-02-10,46-55,男,普通会员
400,周磊,湖北,武汉市,华中,2022-07-11,36-45,男,银卡会员
401,马伟,安徽,芜湖市,华东,2022-06-17,26-35,女,金卡会员
402,马超,陕西,西安市,西北,2022-08-28,26-35,女,钻石会员
403,黄秀英,河南,郑州市,华中,2022-12-09,36-45,男,普通会员
404,何鑫,安徽,芜湖市,华东,2022-11-20,26-35,男,银卡会员
405,胡洋,江苏,无锡市,华东,2022-03-25,55+,女,普通会员
406,赵芳,安徽,合肥市,华东,2022-10-12,36-45,女,金卡会员
407,朱鑫,陕西,咸阳市,西北,2022-02-20,55+,男,普通会员
408,杨芳,广东,佛山市,华南,2022-04-03,18-25,女,钻石会员
409,林勇,上海,上海市,华东,2022-09-25,26-35,男,普通会员
410,陈杰,安徽,芜湖市,华东,2022-05-07,26-35,男,金卡会员
411,徐鑫,四川,绵阳市,西南,2022-04-09,18-25,男,普通会员
412,孙芳,河南,洛阳市,华中,2022-10-15,46-55,女,银卡会员
413,黄涛,福建,福州市,华南,2022-02-17,18-25,男,银卡会员
414,赵芳,浙江,杭州市,华东,2022-06-05,26-35,女,普通会员
415,王丽,北京,北京市,华北,2022-05-28,26-35,女,银卡会员
416,张涛,重庆,重庆市,西南,2022-05-06,36-45,男,银卡会员
417,郭华,江苏,苏州市,华东,2022-07-23,36-45,男,银卡会员
418,陈娜,陕西,咸阳市,西北,2022-03-16,18-25,女,普通会员
419,吴文,四川,成都市,西南,2022-11-02,26-35,男,银卡会员
420,陈静,辽宁,大连市,东北,2022-06-19,26-35,男,金卡会员
421,周杰,浙江,宁波市,华东,2022-10-12,26-35,男,普通会员
422,马军,北京,北京市,华北,2022-10-05,36-45,男,银卡会员
423,马文,陕西,咸阳市,西北,2022-02-11,46-55,男,普通会员
424,朱超,北京,北京市,华北,2022-01-21,55+,男,银卡会员
425,张明,北京,北京市,华北,2022-04-21,46-55,女,普通会员
426,张鑫,北京,北京市,华北,2022-04-14,26-35,女,银卡会员
427,黄静,江苏,无锡市,华东,2022-05-25,36-45,女,普通会员
428,李涛,湖南,长沙市,华中,2022-11-06,36-45,女,普通会员
429,赵静,四川,成都市,西南,2022-07-03,26-35,女,普通会员
430,高文,四川,成都市,西南,2022-06-03,55+,女,金卡会员
431,刘强,四川,成都市,西南,2022-03-16,26-35,女,普通会员
432,高鑫,湖南,长沙市,华中,2022-06-28,46-55,男,普通会员
433,胡敏,广东,东莞市,华南,2022-12-31,26-35,男,普通会员
434,林杰,浙江,杭州市,华东,2022-08-13,46-55,男,普通会员
435,陈明,广东,东莞市,华南,2022-07-08,55+,女,金卡会员
436,徐娜,四川,成都市,西南,2022-02-23,36-45,女,普通会员
437,李勇,重庆,重庆市,西南,2022-06-01,36-45,女,钻石会员
438,高鑫,安徽,合肥市,华东,2022-09-21,55+,女,普通会员
439,王敏,湖北,武汉市,华中,2022-01-25,36-45,男,普通会员
440,周伟,山东,济南市,华东,2022-06-13,36-45,男,普通会员
441,朱秀英,福建,厦门市,华南,2022-09-17,26-35,女,普通会员
442,朱明,山东,烟台市,华东,2022-06-22,36-45,男,钻石会员
443,郭芳,湖南,株洲市,华中,2022-05-25,36-45,女,普通会员
444,李芳,四川,绵阳市,西南,2022-01-13,36-45,男,普通会员
445,黄秀英,湖北,武汉市,华中,2022-04-30,26-35,男,普通会员
446,赵伟,湖北,武汉市,华中,2022-08-21,26-35,男,银卡会员
447,林艳,江苏,无锡市,华东,2022-01-10,46-55,女,普通会员
448,朱鑫,上海,上海市,华东,2022-02-22,46-55,女,银卡会员
449,黄鑫,浙江,杭州市,华东,2022-01-12,26-35,女,金卡会员
450,徐勇,山东,青岛市,华东,2022-07-23,26-35,男,普通会员
451,何强,河南,郑州市,华中,2022-07-28,18-25,女,银卡会员
452,孙涛,四川,成都市,西南,2022-05-01,26-35,男,银卡会员
453,孙敏,上海,上海市,华东,2022-04-10,55+,男,普通会员
454,杨军,北京,北京市,华北,2022-02-25,55+,男,普通会员
455,王艳,湖北,宜昌市,华中,2022-06-24,26-35,男,金卡会员
456,孙涛,江苏,南京市,华东,2022-09-30,36-45,男,普通会员
457,高超,江苏,无锡市,华东,2022-10-20,18-25,男,银卡会员
458,周娜,湖北,宜昌市,华中,2022-10-30,18-25,女,普通会员
459,周磊,重庆,重庆市,西南,2022-01-13,26-35,男,普通会员
460,郭勇,上海,上海市,华东,2022-11-25,46-55,女,金卡会员
461,刘明,北京,北京市,华北,2022-12-09,36-45,女,普通会员
462,刘鑫,山东,烟台市,华东,2022-01-03,26-35,女,普通会员
463,黄伟,重庆,重庆市,西南,2022-12-22,18-25,男,普通会员
464,吴超,福建,福州市,华南,2022-10-30,46-55,女,普通会员
465,李杰,四川,绵阳市,西南,2022-12-22,55+,男,银卡会员
466,林超,安徽,芜湖市,华东,2022-07-01,26-35,男,银卡会员
467,杨伟,浙江,宁波市,华东,2022-12-06,26-35,女,金卡会员
468,孙艳,山东,青岛市,华东,2022-07-06,26-35,男,普通会员
469,王磊,四川,成都市,西南,2022-09-01,36-45,女,普通会员
470,刘明,湖南,长沙市,华中,2022-05-15,46-55,男,普通会员
471,王洋,湖南,株洲市,华中,2022-02-14,26-35,女,金卡会员
472,李芳,陕西,西安市,西北,2022-07-24,36-45,男,银卡会员
473,黄勇,浙江,宁波市,华东,2022-04-29,46-55,女,银卡会员
474,周杰,湖南,长沙市,华中,2022-02-28,36-45,男,普通会员
475,吴明,河南,郑州市,华中,2022-12-05,18-25,男,银卡会员
476,徐涛,浙江,温州市,华东,2022-11-17,26-35,女,普通会员
477,胡勇,四川,绵阳市,西南,2022-06-23,18-25,男,钻石会员
478,徐伟,浙江,杭州市,华东,2022-08-14,26-35,男,钻石会员
479,杨强,辽宁,沈阳市,东北,2022-03-03,46-55,女,银卡会员
480,张强,辽宁,沈阳市,东北,2022-04-03,26-35,男,普通会员
481,林军,北京,北京市,华北,2022-11-27,46-55,男,普通会员
482,杨勇,重庆,重庆市,西南,2022-09-29,36-45,女,钻石会员
483,孙涛,湖南,株洲市,华中,2022-12-23,26-35,男,普通会员
484,何强,四川,绵阳市,西南,2022-09-17,46-55,男,金卡会员
485,林涛,上海,上海市,华东,2022-10-26,36-45,女,钻石会员
486,吴洋,山东,济南市,华东,2022-12-18,26-35,女,银卡会员
487,罗鑫,湖北,武汉市,华中,2022-12-08,46-55,女,普通会员
488,陈艳,河南,洛阳市,华中,2022-09-12,36-45,女,金卡会员
489,黄军,山东,青岛市,华东,2022-04-01,26-35,男,普通会员
490,马明,广东,佛山市,华南,2022-01-10,55+,女,普通会员
491,高伟,湖南,株洲市,华中,2022-06-09,36-45,男,普通会员
492,张娜,浙江,杭州市,华东,2022-04-23,26-35,女,普通会员
493,马华,上海,上海市,华东,2022-12-15,36-45,男,普通会员
494,何伟,北京,北京市,华北,2022-02-27,46-55,女,普通会员
495,徐勇,河南,郑州市,华中,2022-04-15,26-35,男,普通会员
496,马勇,上海,上海市,华东,2022-08-09,26-35,女,普通会员
497,张超,广东,广州市,华南,2022-10-09,46-55,男,普通会员
498,赵洋,安徽,合肥市,华东,2022-05-13,26-35,女,金卡会员
499,何华,浙江,温州市,华东,2022-04-19,36-45,男,普通会员
500,朱敏,湖北,宜昌市,华中,2022-09-28,46-55,男,普通会员
